<OperationOutcome xmlns="http://hl7.org/fhir">
	<id value="__MESSAGEID____LASTTWENTY__"/>
	<meta>
		<profile value="https://fhir.nhs.uk/STU3/StructureDefinition/Spine-OperationOutcome-1"/>
	</meta>
	<issue>
		<severity value="error"/>
		<code value="invalid"/>
		<details>
			<coding>
				<system value="https://fhir.nhs.uk/STU3/CodeSystem/Spine-ErrorOrWarningCode-1"/>
				<code value="INVALID_PARAMETER"/>
				<display value="Invalid parameter"/>
			</coding>
		</details>
		<diagnostics value="Guidance TBA"/>
	</issue>
</OperationOutcome>
