<OperationOutcome xmlns="http://hl7.org/fhir">
	<id value="__MESSAGEID__"/>
	<meta>
		<profile value="https://fhir.nhs.uk/STU3/StructureDefinition/Spine-OperationOutcome-1"/>
	</meta>
	<issue>
		<severity value="error"/>
		<code value="invalid"/>
		<details>
			<coding>
				<system value="https://fhir.nhs.uk/STU3/CodeSystem/Spine-ErrorOrWarningCode-1"/>
				<code value="MISSING_OR_INVALID_HEADER"/>
				<display value="There is a required header missing or invalid"/>
			</coding>
		</details>
		<diagnostics value="fromASID HTTP Header is missing"/>
		<!-- similar message for toASID HTTP Header is missing -->
	</issue>
</OperationOutcome>
