<OperationOutcome xmlns="http://hl7.org/fhir">
	<id value="__MESSAGEID____LASTTWENTY__"/>
	<meta>
		<profile value="https://fhir.nhs.uk/STU3/StructureDefinition/Spine-OperationOutcome-1"/>
	</meta>
	<issue>
		<severity value="error"/>
		<code value="duplicate"/>
		<details>
			<coding>
				<system value="https://fhir.nhs.uk/STU3/CodeSystem/Spine-ErrorOrWarningCode-1"/>
				<code value="DUPLICATE_REJECTED"/>
				<display value="Create would lead to creation of a duplicate resource"/>
			</coding>
		</details>
		<diagnostics value="Duplicate masterIdentifier value: __MASTERIDSYSTEM__ system: __MASTERIDVALUE__ "/>
	</issue>
</OperationOutcome>