<OperationOutcome xmlns="http://hl7.org/fhir">
	<id value="__MESSAGEID____LASTTWENTY__"/>
	<meta>
		<profile value="https://fhir.nhs.uk/STU3/StructureDefinition/Spine-OperationOutcome-1"/>
	</meta>
	<issue>
		<severity value="error"/>
		<code value="not-found"/>
		<details>
			<coding>
				<system value="https://fhir.nhs.uk/STU3/CodeSystem/Spine-ErrorOrWarningCode-1"/>
				<code value="ORGANISATION_NOT_FOUND"/>
				<display value="Organisation not found"/>
			</coding>
		</details>
		<diagnostics value="The ODS code in the custodian and/or author element is not resolvable – __ORGANIZATION__."/>
	</issue>
</OperationOutcome>
