<OperationOutcome xmlns="http://hl7.org/fhir">
	<id value="__MESSAGEID__"/>
	<meta>
		<profile value="https://fhir.nhs.uk/STU3/StructureDefinition/Spine-OperationOutcome-1"/>
	</meta>
	<issue>
		<severity value="error"/>
		<code value="not-found"/>
		<details>
			<coding>
				<system value="https://fhir.nhs.uk/STU3/CodeSystem/Spine-ErrorOrWarningCode-1"/>
				<code value="NO_RECORD_FOUND"/>
				<display value="No record found"/>
			</coding>
		</details>
		<diagnostics value="No record found for supplied DocumentReference identifier - c037a0cb-er27-4976-83a1-a5d2703e6aa3-1a2b3c4d5e6f7g8h9i0j"/>
	</issue>
</OperationOutcome>
