<OperationOutcome xmlns="http://hl7.org/fhir">
	<id value="__MESSAGEID____LASTTWENTY__"/>
	<meta>
		<profile value="https://fhir.nhs.uk/STU3/StructureDefinition/Spine-OperationOutcome-1"/>
	</meta>
	<issue>
		<severity value="error"/>
		<code value="forbidden"/>
		<details>
			<coding>
				<system value="https://fhir.nhs.uk/STU3/CodeSystem/Spine-ErrorOrWarningCode-1"/>
				<code value="ACCESS_DENIED"/>
				<display value="Access has been denied to process this request"/>
			</coding>
		</details>
		<diagnostics value="The fromASID header does not match the DocumentReference custodian"/>
	</issue>
</OperationOutcome>
