<DocumentReference xmlns="http://hl7.org/fhir">
	<id value="c037a0cb-0c77-4976-83a1-a5d2703e6aa3-23325861873450086113"/>
	<meta>
		<profile value="https://fhir.nhs.uk/STU3/StructureDefinition/NRL-DocumentReference-1"/>
	</meta>
	<status value="current"/>
	<type>
		<coding>
			<system value="http://snomed.info/sct"/>
			<code value="736253002"/>
			<display value="Mental health crisis plan (record artifact)"/>
		</coding>
	</type>
	<class>
		<coding>
			<system value="http://snomed.info/sct"/>
			<code value="734163000"/>
			<display value="Care plan (record artifact)"/>
		</coding>
	</class>
	<subject>
		<reference value="https://demographics.spineservices.nhs.uk/STU3/Patient/9876543210"/>
	</subject>
	<created value="2016-03-08T15:26:00+01:00"/>
	<indexed value="2016-03-08T15:26:01+01:00"/>
	<author>
		<reference value="https://directory.spineservices.nhs.uk/STU3/Organization/RGD"/>
	</author>
	<custodian>
		<reference value="https://directory.spineservices.nhs.uk/STU3/Organization/RR8"/>
	</custodian>
	<content>
		<attachment>
			<contentType value="application/pdf"/>
			<url value="https://p1.nhs.uk/MentalHealthCrisisPlanReport.pdf"/>
			<title value="Mental health Crisis Plan Report"/>
			<creation value="2016-03-08T15:26:00+01:00"/>
		</attachment>
		<format>
			<system value="https://fhir.nhs.uk/STU3/CodeSystem/NRL-Format-1"/>
			<code value="direct:https://www.iso.org/standard/63534.html"/>
			<display value="PDF (Publicly accessible)"/>
		</format>
		<extension url="https://fhir.nhs.uk/STU3/StructureDefinition/Extension-NRL-ContentStability-1">
			<valueCodeableConcept>
				<coding>
					<system value="https://fhir.nhs.uk/STU3/CodeSystem/NRL-ContentStability-1"/>
					<code value="static"/>
					<display value="Static"/>
				</coding>
			</valueCodeableConcept>
		</extension>
	</content>
	<context>
		<period>
			<start value="2016-03-07T13:34:00+01:00"/>
		</period>
		<practiceSetting>
			<coding>
				<system value="http://snomed.info/sct"/>
				<code value="892811000000109"/>
				<display value="Adult mental health service"/>
			</coding>
		</practiceSetting>
	</context>
</DocumentReference>
