{
    "successEndpoint": "https://data.developer.nhs.uk/nrls-ri/SSP/http://nrlsdemoapp:5000/provider/MHT01/fhir/STU3/careconnect/binary/ccp/5c954ec114e29c4a3102310e",
    "errorEndpoint":"https://data.developer.nhs.uk/nrls-ri/SSP/http://nrlsdemoapp:5000/provider/MHT01/fhir/STU3/careconnect/binary/abc/5c954ec114e29c4a3102310e",
    "fromAsid":"200000000116",
    "toAsid":"200000000118",
    "odsCode":"AMS01",
    "userProfileId":"testUser123",
    "sspInteractionId":"urn:nhs:names:services:nrl:DocumentReference.content.read",
    "sslClientCert":"path/to/cert",
    "sslClientKey":"path/to/cert/private/key",
    "sslClientPassphrase":"CERT_PASSWORD",
    "sslCACert":"path/to/full/trust/chain/ca/root/cert",
    "sslInsecure": true
}