<?xml version="1.0"?>
<Bundle xmlns="http://hl7.org/fhir">
	<id value="__MESSAGEID__"/>
	<type value="searchset"/>
	<total value="2"/>
	<link>
		<relation value="self"/>
		<url value="__CP_SSstart__&amp;__CP_SSend__"/>
	</link>
	<entry>
		<fullUrl value="https://psis-sync.national.ncrs.nhs.uk/DocumentReference/aa23e505-f7be-4c20-8f4e-337e79a32c51-58778905432232112444"/>
		<resource>
			<DocumentReference
    xmlns="http://hl7.org/fhir">
				<id value="aa23e505-f7be-4c20-8f4e-337e79a32c51-58778905432232112444"/>
				<meta>
					<profile value="https://fhir.nhs.uk/STU3/StructureDefinition/NRL-DocumentReference-1"/>
				</meta>
				<status value="current"/>
				<type>
					<coding>
						<system value="http://snomed.info/sct"/>
						<code value="736253002"/>
						<display value="Mental health crisis plan"/>
					</coding>
				</type>
				<class>
					<coding>
						<system value="http://snomed.info/sct"/>
						<code value="734163000"/>
						<display value="Care plan"/>
					</coding>
				</class>
				<subject>
					<reference value="https://demographics.spineservices.nhs.uk/STU3/Patient/9462205736"/>
				</subject>
				<indexed value="2016-03-08T15:26:01+01:00"/>
				<author>
					<reference value="https://directory.spineservices.nhs.uk/STU3/Organization/RGD"/>
				</author>
				<custodian>
					<reference value="https://directory.spineservices.nhs.uk/STU3/Organization/RR8"/>
				</custodian>
				<content>
					<attachment>
						<contentType value="application/pdf"/>
						<url value="https://p1.nhs.uk/MentalhealthCrisisPlanReport.pdf"/>
						<creation value="2016-03-08T15:26:00+01:00"/>
					</attachment>
					<format>
						<system value="https://fhir.nhs.uk/STU3/CodeSystem/NRL-FormatCode-1"/>
						<code value="urn:nhs-ic:unstructured"/>
						<display value="Unstructured Document"/>
					</format>
					<extension url="https://fhir.nhs.uk/STU3/StructureDefinition/Extension-NRL-ContentStability-1">
						<valueCodeableConcept>
							<coding>
								<system value="https://fhir.nhs.uk/STU3/CodeSystem/NRL-ContentStability-1"/>
								<code value="static"/>
								<display value="Static"/>
							</coding>
						</valueCodeableConcept>
					</extension>
				</content>
				<context>
					<period>
						<start value="2016-03-07T13:34:00+01:00"/>
					</period>
					<practiceSetting>
						<coding>
							<system value="http://snomed.info/sct"/>
							<code value="708168004"/>
							<display value="Mental health service"/>
						</coding>
					</practiceSetting>
				</context>
			</DocumentReference>
		</resource>
		<search>
			<mode value="match"/>
		</search>
	</entry>
	<entry>
		<fullUrl value="https://psis-sync.national.ncrs.nhs.uk/DocumentReference/7aa2c09e-de28-4622-9416-62ab0b22e15a-54598780989244413433"/>
		<resource>
			<DocumentReference
    xmlns="http://hl7.org/fhir">
				<id value="7aa2c09e-de28-4622-9416-62ab0b22e15a-54598780989244413433"/>
				<meta>
					<profile value="https://fhir.nhs.uk/STU3/StructureDefinition/NRL-DocumentReference-1"/>
				</meta>
				<status value="current"/>
				<type>
					<coding>
						<system value="http://snomed.info/sct"/>
						<code value="736253002"/>
						<display value="Mental health crisis plan"/>
					</coding>
				</type>
				<class>
					<coding>
						<system value="http://snomed.info/sct"/>
						<code value="734163000"/>
						<display value="Care plan"/>
					</coding>
				</class>
				<subject>
					<reference value="https://demographics.spineservices.nhs.uk/STU3/Patient/9462205736"/>
				</subject>
				<indexed value="2016-03-08T15:26:01+01:00"/>
				<author>
					<reference value="https://directory.spineservices.nhs.uk/STU3/Organization/RGD"/>
				</author>
				<custodian>
					<reference value="https://directory.spineservices.nhs.uk/STU3/Organization/RR8"/>
				</custodian>
				<content>
					<attachment>
						<contentType value="application/pdf"/>
						<url value="https://p1.nhs.uk/MentalhealthCrisisPlanReport.pdf"/>
						<creation value="2016-03-08T15:26:00+01:00"/>
					</attachment>
					<format>
						<system value="https://fhir.nhs.uk/STU3/CodeSystem/NRL-FormatCode-1"/>
						<code value="urn:nhs-ic:unstructured"/>
						<display value="Unstructured Document"/>
					</format>
					<extension url="https://fhir.nhs.uk/STU3/StructureDefinition/Extension-NRL-ContentStability-1">
						<valueCodeableConcept>
							<coding>
								<system value="https://fhir.nhs.uk/STU3/CodeSystem/NRL-ContentStability-1"/>
								<code value="static"/>
								<display value="Static"/>
							</coding>
						</valueCodeableConcept>
					</extension>
				</content>
				<context>
					<period>
						<start value="2016-03-07T13:34:00+01:00"/>
					</period>
					<practiceSetting>
						<coding>
							<system value="http://snomed.info/sct"/>
							<code value="708168004"/>
							<display value="Mental health service"/>
						</coding>
					</practiceSetting>
				</context>
			</DocumentReference>
		</resource>
		<search>
			<mode value="match"/>
		</search>
	</entry>
</Bundle>
