<?xml version="1.0"?>
<Bundle
    xmlns="http://hl7.org/fhir"
    xmlns:xsi="http://www.w3.org/2001/XMLSchema-instance" xsi:schemaLocation="http://hl7.org/fhir file:///C:/Users/supa1/Desktop/STU3%20Schemas/bundle.xsd">
	<id value="__MESSAGEID__"/>
	<type value="searchset"/>
	<total value="2"/>
	<link>
		<relation value="self"/>
		<url value="__CP_SSstart__&amp;__CP_SSend__"/>
	</link>
	<entry>
		<fullUrl value="https://psis-sync.national.ncrs.nhs.uk/DocumentReference/0353e505-f7be-zz12-8f4e-337e79a32c51-58778905432232112444"/>
		<resource>
			<DocumentReference
    xmlns="http://hl7.org/fhir">
				<id value="0353e505-f7be-zz12-8f4e-337e79a32c51-58778905432232112444"/>
				<meta>
					<profile value="https://fhir.nhs.uk/STU3/StructureDefinition/NRL-DocumentReference-1"/>
				</meta>
				<masterIdentifier>
					<system value="urn:ietf:rfc:3986"/>
					<value value="urn:oid:1.3.6.1.4.1.21367.2005.3.11"/>
				</masterIdentifier>
				<status value="current"/>
				<type>
					<coding>
						<system value="http://snomed.info/sct"/>
						<code value="736253002"/>
						<display value="Mental health crisis plan"/>
					</coding>
				</type>
				<class>
					<coding>
						<system value="http://snomed.info/sct"/>
						<code value="734163000"/>
						<display value="Care plan"/>
					</coding>
				</class>
				<subject>
					<reference value="https://demographics.spineservices.nhs.uk/STU3/Patient/9462206066"/>
				</subject>
				<indexed value="2016-03-08T15:26:01+01:00"/>
				<author>
					<reference value="https://directory.spineservices.nhs.uk/STU3/Organization/RGD"/>
				</author>
				<custodian>
					<reference value="https://directory.spineservices.nhs.uk/STU3/Organization/RR8"/>
				</custodian>
				<content>
					<attachment>
						<contentType value="application/pdf"/>
						<url value="https://p1.nhs.uk/MentalhealthCrisisPlanReport.pdf"/>
						<creation value="2016-03-08T15:26:00+01:00"/>
					</attachment>
					<format>
						<system value="https://fhir.nhs.uk/STU3/CodeSystem/NRL-FormatCode-1"/>
						<code value="urn:nhs-ic:unstructured"/>
						<display value="Unstructured Document"/>
					</format>
					<extension url="https://fhir.nhs.uk/STU3/StructureDefinition/Extension-NRL-ContentStability-1">
						<valueCodeableConcept>
							<coding>
								<system value="https://fhir.nhs.uk/STU3/CodeSystem/NRL-ContentStability-1"/>
								<code value="static"/>
								<display value="Static"/>
							</coding>
						</valueCodeableConcept>
					</extension>
				</content>
				<context>
					<period>
						<start value="2016-03-07T13:34:00+01:00"/>
					</period>
					<practiceSetting>
						<coding>
							<system value="http://snomed.info/sct"/>
							<code value="708168004"/>
							<display value="Mental health service"/>
						</coding>
					</practiceSetting>
				</context>
			</DocumentReference>
		</resource>
		<search>
			<mode value="match"/>
		</search>
	</entry>
	<entry>
		<fullUrl value="https://psis-sync.national.ncrs.nhs.uk/DocumentReference/5303c09e-28xx-4622-9416-62ab0b22e15a-54598780989244413433"/>
		<resource>
			<DocumentReference
    xmlns="http://hl7.org/fhir">
				<id value="c037a0cb-0c77-4976-83a1-a5d2703e6aa3-23325861873450086113"/>
				<meta>
					<profile value="https://fhir.nhs.uk/STU3/StructureDefinition/NRL-DocumentReference-1"/>
				</meta>
				<masterIdentifier>
					<system value="urn:ietf:rfc:3986"/>
					<value value="urn:oid:1.3.6.1.4.1.21367.2005.3.10"/>
				</masterIdentifier>
				<status value="current"/>
				<type>
					<coding>
						<system value="http://snomed.info/sct"/>
						<code value="736253002"/>
						<display value="Mental health crisis plan"/>
					</coding>
				</type>
				<class>
					<coding>
						<system value="http://snomed.info/sct"/>
						<code value="734163000"/>
						<display value="Care plan"/>
					</coding>
				</class>
				<subject>
					<reference value="https://demographics.spineservices.nhs.uk/STU3/Patient/9462206066"/>
				</subject>
				<indexed value="2016-03-08T15:26:01+01:00"/>
				<author>
					<reference value="https://directory.spineservices.nhs.uk/STU3/Organization/RGD"/>
				</author>
				<custodian>
					<reference value="https://directory.spineservices.nhs.uk/STU3/Organization/RR8"/>
				</custodian>
				<relatesTo>
					<code value="replaces"/>
					<target>
						<identifier>
							<system value="urn:ietf:rfc:3986"/>
							<value value="urn:oid:1.3.6.1.4.1.21367.2005.3.9"/>
						</identifier>
					</target>
				</relatesTo>
				<content>
					<attachment>
						<contentType value="application/pdf"/>
						<url value="https://p1.nhs.uk/MentalhealthCrisisPlanReport.pdf"/>
						<creation value="2016-03-08T15:26:00+01:00"/>
					</attachment>
					<format>
						<system value="https://fhir.nhs.uk/STU3/CodeSystem/NRL-FormatCode-1"/>
						<code value="urn:nhs-ic:unstructured"/>
						<display value="Unstructured Document"/>
					</format>
					<extension url="https://fhir.nhs.uk/STU3/StructureDefinition/Extension-NRL-ContentStability-1">
						<valueCodeableConcept>
							<coding>
								<system value="https://fhir.nhs.uk/STU3/CodeSystem/NRL-ContentStability-1"/>
								<code value="static"/>
								<display value="Static"/>
							</coding>
						</valueCodeableConcept>
					</extension>
				</content>
				<context>
					<period>
						<start value="2016-03-07T13:34:00+01:00"/>
					</period>
					<practiceSetting>
						<coding>
							<system value="http://snomed.info/sct"/>
							<code value="708168004"/>
							<display value="Mental health service"/>
						</coding>
					</practiceSetting>
				</context>
			</DocumentReference>
		</resource>
		<search>
			<mode value="match"/>
		</search>
	</entry>
</Bundle>
