<?xml version="1.0"?>
<Bundle xmlns="http://hl7.org/fhir" 
    xmlns:xsi="http://www.w3.org/2001/XMLSchema-instance" xsi:schemaLocation="http://hl7.org/fhir file:///C:/Users/supa1/Desktop/STU3%20Schemas/bundle.xsd">
    <id value="__MESSAGEID__"/>
    <type value="searchset"/>
    <total value="4"/>
    <link>
        <relation value="self"/>
        <url value="__CP_SSstart__&amp;__CP_SSend__"/>
    </link>
    <entry>
        <fullUrl value="https://psis-sync.national.ncrs.nhs.uk/DocumentReference/4aec5c86-0ea7-4b4e-8669-5a215c8fdee1-00000000000000000000"/>
        <resource>
            <DocumentReference xmlns="http://hl7.org/fhir">
                <id value="4aec5c86-0ea7-4b4e-8669-5a215c8fdee1-00000000000000000000"/>
                <meta>
                    <profile value="https://fhir.nhs.uk/STU3/StructureDefinition/NRL-DocumentReference-1"/>
                </meta>
                <masterIdentifier>
                    <system value="urn:ietf:rfc:3986"/>
                    <value value="urn:oid:1.3.6.1.4.1.21367.2005.3.11"/>
                </masterIdentifier>
                <status value="current"/>
                <type>
                    <coding>
                        <system value="http://snomed.info/sct"/>
                        <code value="736253002"/>
                        <display value="Mental health crisis plan"/>
                    </coding>
                </type>
                <class>
                    <coding>
                        <system value="http://snomed.info/sct"/>
                        <code value="734163000"/>
                        <display value="Care plan"/>
                    </coding>
                </class>
                <subject>
                    <reference value="https://demographics.spineservices.nhs.uk/STU3/Patient/1239478550"/>
                </subject>
                <indexed value="2016-03-08T15:26:01+01:00"/>
                <author>
                    <reference value="https://directory.spineservices.nhs.uk/STU3/Organization/RGD"/>
                </author>
                <custodian>
                    <reference value="https://directory.spineservices.nhs.uk/STU3/Organization/RR8"/>
                </custodian>
                <content>
                    <attachment>
                        <contentType value="application/pdf"/>
                        <url value="https://provider1.example.com/api/patients/1/records/sample.pdf"/>
                        <creation value="2016-03-08T15:26:00+01:00"/>
                    </attachment>
                    <format>
                        <system value="https://fhir.nhs.uk/STU3/CodeSystem/NRL-FormatCode-1"/>
                        <code value="urn:nhs-ic:unstructured"/>
                        <display value="Unstructured Document"/>
                    </format>
                    <extension url="https://fhir.nhs.uk/STU3/StructureDefinition/Extension-NRL-ContentStability-1">
                        <valueCodeableConcept>
                            <coding>
                                <system value="https://fhir.nhs.uk/STU3/CodeSystem/NRL-ContentStability-1"/>
                                <code value="static"/>
                                <display value="Static"/>
                            </coding>
                        </valueCodeableConcept>
                    </extension>
                </content>
                <context>
                    <period>
                        <start value="2016-03-07T13:34:00+01:00"/>
                    </period>
                    <practiceSetting>
                        <coding>
                            <system value="http://snomed.info/sct"/>
                            <code value="708168004"/>
                            <display value="Mental health service"/>
                        </coding>
                    </practiceSetting>
                </context>
            </DocumentReference>
        </resource>
        <search>
            <mode value="match"/>
        </search>
    </entry>
    <entry>
        <fullUrl value="https://psis-sync.national.ncrs.nhs.uk/DocumentReference/4310cf66-053f-4d52-8163-326693626873-00000000000000000000"/>
        <resource>
            <DocumentReference xmlns="http://hl7.org/fhir">
                <id value="4310cf66-053f-4d52-8163-326693626873-00000000000000000000"/>
                <meta>
                    <profile value="https://fhir.nhs.uk/STU3/StructureDefinition/NRL-DocumentReference-1"/>
                </meta>
                <masterIdentifier>
                    <system value="urn:ietf:rfc:3986"/>
                    <value value="urn:oid:1.3.6.1.4.1.21367.2005.3.11"/>
                </masterIdentifier>
                <status value="current"/>
                <type>
                    <coding>
                        <system value="http://snomed.info/sct"/>
                        <code value="736253002"/>
                        <display value="Mental health crisis plan"/>
                    </coding>
                </type>
                <class>
                    <coding>
                        <system value="http://snomed.info/sct"/>
                        <code value="734163000"/>
                        <display value="Care plan"/>
                    </coding>
                </class>
                <subject>
                    <reference value="https://demographics.spineservices.nhs.uk/STU3/Patient/1239478550"/>
                </subject>
                <indexed value="2016-03-08T15:26:01+01:00"/>
                <author>
                    <reference value="https://directory.spineservices.nhs.uk/STU3/Organization/RGD"/>
                </author>
                <custodian>
                    <reference value="https://directory.spineservices.nhs.uk/STU3/Organization/RR8"/>
                </custodian>
                <content>
                    <attachment>
                        <contentType value="application/fhir+json"/>
                        <url value="https://provider1.example.com/api/patients/1/records/sample.json"/>
                        <creation value="2016-03-08T15:26:00+01:00"/>
                    </attachment>
                    <format>
                        <system value="https://fhir.nhs.uk/STU3/CodeSystem/NRL-FormatCode-1"/>
                        <code value="urn:nhs-ic:unstructured"/>
                        <display value="Unstructured Document"/>
                    </format>
                    <extension url="https://fhir.nhs.uk/STU3/StructureDefinition/Extension-NRL-ContentStability-1">
                        <valueCodeableConcept>
                            <coding>
                                <system value="https://fhir.nhs.uk/STU3/CodeSystem/NRL-ContentStability-1"/>
                                <code value="static"/>
                                <display value="Static"/>
                            </coding>
                        </valueCodeableConcept>
                    </extension>
                </content>
                <context>
                    <period>
                        <start value="2016-03-07T13:34:00+01:00"/>
                    </period>
                    <practiceSetting>
                        <coding>
                            <system value="http://snomed.info/sct"/>
                            <code value="708168004"/>
                            <display value="Mental health service"/>
                        </coding>
                    </practiceSetting>
                </context>
            </DocumentReference>
        </resource>
        <search>
            <mode value="match"/>
        </search>
    </entry>
    <entry>
        <fullUrl value="https://psis-sync.national.ncrs.nhs.uk/DocumentReference/4a5a30af-dc4e-4887-9efe-0e333533779a-00000000000000000000"/>
        <resource>
            <DocumentReference xmlns="http://hl7.org/fhir">
                <id value="4a5a30af-dc4e-4887-9efe-0e333533779a-00000000000000000000"/>
                <meta>
                    <profile value="https://fhir.nhs.uk/STU3/StructureDefinition/NRL-DocumentReference-1"/>
                </meta>
                <masterIdentifier>
                    <system value="urn:ietf:rfc:3986"/>
                    <value value="urn:oid:1.3.6.1.4.1.21367.2005.3.11"/>
                </masterIdentifier>
                <status value="current"/>
                <type>
                    <coding>
                        <system value="http://snomed.info/sct"/>
                        <code value="736253002"/>
                        <display value="Mental health crisis plan"/>
                    </coding>
                </type>
                <class>
                    <coding>
                        <system value="http://snomed.info/sct"/>
                        <code value="734163000"/>
                        <display value="Care plan"/>
                    </coding>
                </class>
                <subject>
                    <reference value="https://demographics.spineservices.nhs.uk/STU3/Patient/1239478550"/>
                </subject>
                <indexed value="2016-03-08T15:26:01+01:00"/>
                <author>
                    <reference value="https://directory.spineservices.nhs.uk/STU3/Organization/RGD"/>
                </author>
                <custodian>
                    <reference value="https://directory.spineservices.nhs.uk/STU3/Organization/RR8"/>
                </custodian>
                <content>
                    <attachment>
                        <contentType value="application/fhir+xml"/>
                        <url value="https://provider1.example.com/api/patients/1/records/sample.xml"/>
                        <creation value="2016-03-08T15:26:00+01:00"/>
                    </attachment>
                    <format>
                        <system value="https://fhir.nhs.uk/STU3/CodeSystem/NRL-FormatCode-1"/>
                        <code value="urn:nhs-ic:unstructured"/>
                        <display value="Unstructured Document"/>
                    </format>
                    <extension url="https://fhir.nhs.uk/STU3/StructureDefinition/Extension-NRL-ContentStability-1">
                        <valueCodeableConcept>
                            <coding>
                                <system value="https://fhir.nhs.uk/STU3/CodeSystem/NRL-ContentStability-1"/>
                                <code value="static"/>
                                <display value="Static"/>
                            </coding>
                        </valueCodeableConcept>
                    </extension>
                </content>
                <context>
                    <period>
                        <start value="2016-03-07T13:34:00+01:00"/>
                    </period>
                    <practiceSetting>
                        <coding>
                            <system value="http://snomed.info/sct"/>
                            <code value="708168004"/>
                            <display value="Mental health service"/>
                        </coding>
                    </practiceSetting>
                </context>
            </DocumentReference>
        </resource>
        <search>
            <mode value="match"/>
        </search>
    </entry>
    <entry>
        <fullUrl value="https://psis-sync.national.ncrs.nhs.uk/DocumentReference/3b3e383d-ab81-4d10-9b03-7e47a9319b53-00000000000000000000"/>
        <resource>
            <DocumentReference xmlns="http://hl7.org/fhir">
                <id value="3b3e383d-ab81-4d10-9b03-7e47a9319b53-00000000000000000000"/>
                <meta>
                    <profile value="https://fhir.nhs.uk/STU3/StructureDefinition/NRL-DocumentReference-1"/>
                </meta>
                <masterIdentifier>
                    <system value="urn:ietf:rfc:3986"/>
                    <value value="urn:oid:1.3.6.1.4.1.21367.2005.3.11"/>
                </masterIdentifier>
                <status value="current"/>
                <type>
                    <coding>
                        <system value="http://snomed.info/sct"/>
                        <code value="736253002"/>
                        <display value="Mental health crisis plan"/>
                    </coding>
                </type>
                <class>
                    <coding>
                        <system value="http://snomed.info/sct"/>
                        <code value="734163000"/>
                        <display value="Care plan"/>
                    </coding>
                </class>
                <subject>
                    <reference value="https://demographics.spineservices.nhs.uk/STU3/Patient/1239478550"/>
                </subject>
                <indexed value="2016-03-08T15:26:01+01:00"/>
                <author>
                    <reference value="https://directory.spineservices.nhs.uk/STU3/Organization/RGD"/>
                </author>
                <custodian>
                    <reference value="https://directory.spineservices.nhs.uk/STU3/Organization/RR8"/>
                </custodian>
                <content>
                    <attachment>
                        <contentType value="text/html"/>
                        <url value="https://provider1.example.com/api/patients/1/records/sample.html"/>
                        <creation value="2016-03-08T15:26:00+01:00"/>
                    </attachment>
                    <format>
                        <system value="https://fhir.nhs.uk/STU3/CodeSystem/NRL-FormatCode-1"/>
                        <code value="urn:nhs-ic:unstructured"/>
                        <display value="Unstructured Document"/>
                    </format>
                    <extension url="https://fhir.nhs.uk/STU3/StructureDefinition/Extension-NRL-ContentStability-1">
                        <valueCodeableConcept>
                            <coding>
                                <system value="https://fhir.nhs.uk/STU3/CodeSystem/NRL-ContentStability-1"/>
                                <code value="static"/>
                                <display value="Static"/>
                            </coding>
                        </valueCodeableConcept>
                    </extension>
                </content>
                <context>
                    <period>
                        <start value="2016-03-07T13:34:00+01:00"/>
                    </period>
                    <practiceSetting>
                        <coding>
                            <system value="http://snomed.info/sct"/>
                            <code value="708168004"/>
                            <display value="Mental health service"/>
                        </coding>
                    </practiceSetting>
                </context>
            </DocumentReference>
        </resource>
        <search>
            <mode value="match"/>
        </search>
    </entry>
</Bundle>
