<?xml version="1.0"?>
<Bundle xmlns="http://hl7.org/fhir">
	<type value="searchset"/>
	<total value = "5"/>
	<entry>
		<resource>
			<DocumentReference xmlns="http://hl7.org/fhir">
				<id value="c037a0cb-ab12-4976-83a1-a5d2703e6aa3"/>
				<meta>
					<profile value="https://fhir.nhs.uk/STU3/StructureDefinition/NRLS-DocumentReference-1"/>
				</meta>
				<status value="current"/>
				<type>
					<coding>
						<system value="http://snomed.info/sct"/>
						<code value="718347000"/>
						<display value="Mental health care plan"/>
					</coding>
				</type>
				<subject>
					<reference value="https://demographics.spineservices.nhs.uk/STU3/Patient/9876543210"/>
				</subject>
				<created value="2016-03-08T15:26:00+01:00"/>
				<indexed value="2016-03-08T15:26:01+01:00"/>
				<author>
					<reference value="https://directory.spineservices.nhs.uk/STU3/Organization/RGD"/>
				</author>
				<custodian>
					<reference value="https://directory.spineservices.nhs.uk/STU3/Organization/RR8"/>
				</custodian>
				<content>
					<attachment>
						<contentType value="application/pdf"/>
						<url value="https://p1.nhs.uk/MentalhealthCarePlanReport.pdf"/>
						<title value="Mental health Care Plan Report"/>
						<creation value="2016-03-08T15:26:00+01:00"/>
					</attachment>
				</content>
			</DocumentReference>
		</resource>
	</entry>
	<entry>
		<resource>
			<DocumentReference xmlns="http://hl7.org/fhir">
				<id value="z952a0cb-ab12-4976-83a1-a5d2703e6aa3"/>
				<meta>
					<profile value="https://fhir.nhs.uk/STU3/StructureDefinition/NRLS-DocumentReference-1"/>
				</meta>
				<status value="current"/>
				<type>
					<coding>
						<system value="http://snomed.info/sct"/>
						<code value="718347000"/>
						<display value="Mental health care plan"/>
					</coding>
				</type>
				<subject>
					<reference value="https://demographics.spineservices.nhs.uk/STU3/Patient/9876543210"/>
				</subject>
				<created value="2017-06-18T15:26:00+01:00"/>
				<indexed value="2017-06-18T15:26:01+01:00"/>
				<author>
					<reference value="https://directory.spineservices.nhs.uk/STU3/Organization/RGD"/>
				</author>
				<custodian>
					<reference value="https://directory.spineservices.nhs.uk/STU3/Organization/RR8"/>
				</custodian>
				<content>
					<attachment>
						<contentType value="application/pdf"/>
						<url value="https://p1.nhs.uk/MentalhealthCarePlanReport.pdf"/>
						<title value="Mental health Care Plan Report"/>
						<creation value="2017-06-18T15:26:01+01:00"/>
					</attachment>
				</content>
			</DocumentReference>
		</resource>
	</entry>
	<entry>
		<resource>
			<DocumentReference xmlns="http://hl7.org/fhir">
				<id value="j23t0cb-ab12-4976-83a1-a5d2703e6aa3"/>
				<meta>
					<profile value="https://fhir.nhs.uk/STU3/StructureDefinition/NRLS-DocumentReference-1"/>
				</meta>
				<status value="current"/>
				<type>
					<coding>
						<system value="http://snomed.info/sct"/>
						<code value="718347000"/>
						<display value="Mental health care plan"/>
					</coding>
				</type>
				<subject>
					<reference value="https://demographics.spineservices.nhs.uk/STU3/Patient/9462207100"/>
				</subject>
				<created value="2016-12-09T15:26:00+01:00"/>
				<indexed value="2016-12-09T15:26:01+01:00"/>
				<author>
					<reference value="https://directory.spineservices.nhs.uk/STU3/Organization/RGD"/>
				</author>
				<custodian>
					<reference value="https://directory.spineservices.nhs.uk/STU3/Organization/RR8"/>
				</custodian>
				<content>
					<attachment>
						<contentType value="application/pdf"/>
						<url value="https://p1.nhs.uk/MentalhealthCarePlanReport.pdf"/>
						<title value="Mental health Care Plan Report"/>
						<creation value="2016-12-09T15:26:00+01:00"/>
					</attachment>
				</content>
			</DocumentReference>
		</resource>
	</entry>
	<entry>
		<resource>
			<DocumentReference xmlns="http://hl7.org/fhir">
				<id value="2h2ha0cb-ab12-4976-83a1-a5d2703e6aa3"/>
				<meta>
					<profile value="https://fhir.nhs.uk/STU3/StructureDefinition/NRLS-DocumentReference-1"/>
				</meta>
				<status value="current"/>
				<type>
					<coding>
						<system value="http://snomed.info/sct"/>
						<code value="718347000"/>
						<display value="Mental health care plan"/>
					</coding>
				</type>
				<subject>
					<reference value="https://demographics.spineservices.nhs.uk/STU3/Patient/9462207127"/>
				</subject>
				<created value="2018-01-08T15:26:00+01:00"/>
				<indexed value="2018-01-08T15:26:01+01:00"/>
				<author>
					<reference value="https://directory.spineservices.nhs.uk/STU3/Organization/RR8"/>
				</author>
				<custodian>
					<reference value="https://directory.spineservices.nhs.uk/STU3/Organization/RR8"/>
				</custodian>
				<content>
					<attachment>
						<contentType value="application/pdf"/>
						<url value="https://p1.nhs.uk/MentalhealthCarePlanReport.pdf"/>
						<title value="Mental health Care Plan Report"/>
						<creation value="2018-01-08T15:26:00+01:00"/>
					</attachment>
				</content>
			</DocumentReference>
		</resource>
	</entry>
	<entry>
		<resource>
			<DocumentReference xmlns="http://hl7.org/fhir">
				<id value="rstu0cb-ab12-4976-83a1-a5d2703e6aa3"/>
				<meta>
					<profile value="https://fhir.nhs.uk/STU3/StructureDefinition/NRLS-DocumentReference-1"/>
				</meta>
				<status value="current"/>
				<type>
					<coding>
						<system value="http://snomed.info/sct"/>
						<code value="718347000"/>
						<display value="Mental health care plan"/>
					</coding>
				</type>
				<subject>
					<reference value="https://demographics.spineservices.nhs.uk/STU3/Patient/9462207127"/>
				</subject>
				<created value="2018-03-20T15:26:00+01:00"/>
				<indexed value="2018-03-20T15:26:01+01:00"/>
				<author>
					<reference value="https://directory.spineservices.nhs.uk/STU3/Organization/RR8"/>
				</author>
				<custodian>
					<reference value="https://directory.spineservices.nhs.uk/STU3/Organization/RR8"/>
				</custodian>
				<content>
					<attachment>
						<contentType value="application/pdf"/>
						<url value="https://p1.nhs.uk/MentalhealthCarePlanReport.pdf"/>
						<title value="Mental health Care Plan Report"/>
						<creation value="2018-03-20T15:26:00+01:00"/>
					</attachment>
				</content>
			</DocumentReference>
		</resource>
	</entry>
</Bundle>
