<?xml version="1.0"?>
<DocumentReference
    xmlns="http://hl7.org/fhir">
	<id value="c037a0cb-ij90-4976-83a1-a5d2703e6aa3-1a2b3c4d5e6f7g8h9i0j"/>
	<meta>
		<profile value="https://fhir.nhs.uk/STU3/StructureDefinition/NRL-DocumentReference-1"/>
	</meta>
	<masterIdentifier>
		<system value="urn:ietf:rfc:3986"/>
		<value value="urn:oid:1.3.6.1.4.1.21367.2005.3.7"/>
	</masterIdentifier>
	<status value="current"/>
	<type>
		<coding>
			<system value="http://snomed.info/sct"/>
			<code value="736253002"/>
			<display value="Mental health crisis plan"/>
		</coding>
	</type>
	<class>
		<coding>
			<system value="http://snomed.info/sct"/>
			<code value="734163000"/>
			<display value="Care plan"/>
		</coding>
	</class>
	<subject>
		<reference value="https://demographics.spineservices.nhs.uk/STU3/Patient/2776456557"/>
	</subject>
	<indexed value="2016-03-08T15:26:01+01:00"/>
	<author>
		<reference value="https://directory.spineservices.nhs.uk/STU3/Organization/RGD"/>
	</author>
	<custodian>
		<reference value="https://directory.spineservices.nhs.uk/STU3/Organization/RR8"/>
	</custodian>
	<content>
		<attachment>
			<contentType value="application/pdf"/>
			<url value="https://p1.nhs.uk/MentalhealthCrisisPlanReport.pdf"/>
			<creation value="2016-03-08T15:26:00+01:00"/>
		</attachment>
		<format>
			<system value="https://fhir.nhs.uk/STU3/CodeSystem/NRL-FormatCode-1"/>
			<code value="urn:nhs-ic:unstructured"/>
			<display value="Unstructured Document"/>
		</format>
		<extension url="https://fhir.nhs.uk/STU3/StructureDefinition/Extension-NRL-ContentStability-1">
			<valueCodeableConcept>
				<coding>
					<system value="https://fhir.nhs.uk/STU3/CodeSystem/NRL-ContentStability-1"/>
					<code value="static"/>
					<display value="Static"/>
				</coding>
			</valueCodeableConcept>
		</extension>
	</content>
	<context>
		<period>
			<start value="2016-03-07T13:34:00+01:00"/>
		</period>
		<practiceSetting>
			<coding>
				<system value="http://snomed.info/sct"/>
				<code value="708168004"/>
				<display value="Mental health service"/>
			</coding>
		</practiceSetting>
	</context>
</DocumentReference>