{
  "resourceType": "DocumentReference",
  "meta": {
    "profile": [
      "https://fhir.nhs.uk/STU3/StructureDefinition/NRLS-DocumentReference-1"
    ]
  },
  "masterIdentifier": {
    "system": "urn:ietf:rfc:3986",
    "value": "urn:oid:1.3.6.1.4.1.21367.2005.3.7"
  },
  "status": "current",
  "type": {
    "coding": [
      {
        "system": "http://snomed.info/sct",
        "code": "736253002",
        "display": "Mental health crisis plan (record artifact)"
      }
    ]
  },
  "subject": {
    "reference": "https://demographics.spineservices.nhs.uk/STU3/Patient/9462207119"
  },
  "created": "2016-03-08T15:26:00+01:00",
  "indexed": "2016-03-08T15:26:00+01:00",
  "author": [
    {
      "reference": "https://directory.spineservices.nhs.uk/STU3/Organization/RGD"
    }
  ],
  "custodian": {
    "reference": "https://directory.spineservices.nhs.uk/STU3/Organization/RR8"
  },
  "content": [
    {
      "attachment": {
        "contentType": "application/pdf",
        "url": "https://p1.nhs.uk/MentalHealthCrisisPlanReportRGD.pdf",
        "title": "Mental health Crisis Plan Report",
        "creation": "2016-03-08T15:26:00+01:00"
      }
    }
  ]
}
